{
  "name": "boids_default_live_90s_pre",
  "display": {
    "path": "live_display",
    "visible_display": true,
    "driver": "x11",
    "desktop_resolution": [
      1920,
      1080
    ]
  },
  "mode": "boids",
  "seed": 130363,
  "duration_seconds_requested": 90.0,
  "duration_seconds_actual": 90.00786956899901,
  "render_backend": "pygame",
  "gpu_info": {},
  "target_fps": 60,
  "simulation_tick_hz": 60.0,
  "debug_overlay": false,
  "show_hud": false,
  "fullscreen": true,
  "mode_overrides": {},
  "rendering_overrides": {},
  "timing_summary": {
    "elapsed_wall_seconds": 90.00786956899901,
    "frames_rendered": 4336,
    "effective_fps_overall": 48.1735654978043,
    "sim_steps_total": 5192,
    "sim_steps_per_render_frame": {
      "count": 4336,
      "min": 0.0,
      "mean": 1.1974169741697418,
      "median": 1.0,
      "p95": 3.0,
      "p99": 5.0,
      "max": 5.0
    },
    "timing_ms": {
      "event": {
        "count": 4336,
        "min": 0.00990999978967011,
        "mean": 0.020628406844654713,
        "median": 0.020035500710946508,
        "p95": 0.027836998924613,
        "p99": 0.06264200055738911,
        "max": 0.11892100155819207
      },
      "sim": {
        "count": 4336,
        "min": 0.0,
        "mean": 6.684086403359748,
        "median": 2.5404224998055724,
        "p95": 28.214689999003895,
        "p99": 89.4381850011996,
        "max": 125.26657100170269
      },
      "render": {
        "count": 4336,
        "min": 5.101763999846298,
        "mean": 7.712860517996075,
        "median": 6.255393000174081,
        "p95": 15.86605999909807,
        "p99": 21.308078001311515,
        "max": 37.403719001304125
      },
      "present": {
        "count": 4336,
        "min": 1.087041000573663,
        "mean": 1.2042673194101248,
        "median": 1.1580589980439981,
        "p95": 1.4082180023251567,
        "p99": 1.577020997501677,
        "max": 2.8298779980104882
      },
      "pacing": {
        "count": 4336,
        "min": 0.023232001694850624,
        "mean": 4.921814582118757,
        "median": 6.113082999945618,
        "p95": 8.172171001206152,
        "p99": 9.181465000438038,
        "max": 11.204643997189123
      },
      "frame": {
        "count": 4336,
        "min": 12.965322999662021,
        "mean": 20.56866889829994,
        "median": 16.122389499287237,
        "p95": 48.05290000149398,
        "p99": 110.01338800269878,
        "max": 153.27237699966645
      }
    },
    "effective_fps": {
      "count": 4336,
      "min": 6.524332822229123,
      "mean": 58.22162578835683,
      "median": 62.02554531923816,
      "p95": 65.14068107004067,
      "p99": 66.41199877849506,
      "max": 77.12881507279594
    },
    "clamp_drop": {
      "frame_count": 167,
      "dropped_ms_total": 3452.4235219992943,
      "final_accumulator_ms": 2.40841466608498
    },
    "runtime_loop": {
      "fixed_timestep_ms": 16.666666666666668,
      "max_sim_steps_per_outer_frame": 5,
      "max_accumulated_ms": 83.33333333333333,
      "drop_excess_accumulator": true
    }
  },
  "overall": {
    "frames": 4336,
    "fps": {
      "mean": 58.22162578874539,
      "median": 62.0255455,
      "min": 6.524333,
      "one_percent_low": 8.501785589198958
    },
    "frame_ms": {
      "count": 4336,
      "min": 12.965323,
      "mean": 20.568668898293357,
      "median": 16.1223895,
      "p95": 48.0529,
      "p99": 110.013388,
      "max": 153.272377
    },
    "event_ms": {
      "count": 4336,
      "min": 0.00991,
      "mean": 0.020628406826568267,
      "median": 0.0200355,
      "p95": 0.027837,
      "p99": 0.062642,
      "max": 0.118921
    },
    "sim_ms": {
      "count": 4336,
      "min": 0.0,
      "mean": 6.684086403367159,
      "median": 2.5404225,
      "p95": 28.21469,
      "p99": 89.438185,
      "max": 125.266571
    },
    "render_ms": {
      "count": 4336,
      "min": 5.101764,
      "mean": 7.71286051798893,
      "median": 6.255393,
      "p95": 15.86606,
      "p99": 21.308078,
      "max": 37.403719
    },
    "present_ms": {
      "count": 4336,
      "min": 1.087041,
      "mean": 1.2042673194188191,
      "median": 1.158059,
      "p95": 1.408218,
      "p99": 1.577021,
      "max": 2.829878
    },
    "pacing_ms": {
      "count": 4336,
      "min": 0.023232,
      "mean": 4.921814582103321,
      "median": 6.113083,
      "p95": 8.172171,
      "p99": 9.181465,
      "max": 11.204644
    },
    "population": {
      "count": 4336,
      "min": 52.0,
      "mean": 79.4015221402214,
      "median": 65.0,
      "p95": 171.0,
      "p99": 253.0,
      "max": 254.0
    },
    "over_budget_frames": 243
  },
  "startup_0_10s": {
    "frames": 133,
    "fps": {
      "mean": 17.280256203007518,
      "median": 11.908535,
      "min": 7.126453,
      "one_percent_low": 7.126452913605021
    },
    "frame_ms": {
      "count": 133,
      "min": 17.657123,
      "mean": 74.28814241353383,
      "median": 83.973382,
      "p95": 107.264614,
      "p99": 112.554236,
      "max": 140.322263
    },
    "event_ms": {
      "count": 133,
      "min": 0.009935,
      "mean": 0.012410804511278194,
      "median": 0.011477,
      "p95": 0.014787,
      "p99": 0.021071,
      "max": 0.058906
    },
    "sim_ms": {
      "count": 133,
      "min": 0.0,
      "mean": 52.45544788721805,
      "median": 61.129995,
      "p95": 84.001589,
      "p99": 90.780575,
      "max": 101.559375
    },
    "render_ms": {
      "count": 133,
      "min": 10.147399,
      "mean": 20.552811609022555,
      "median": 20.783497,
      "p95": 24.227535,
      "p99": 28.369978,
      "max": 37.403719
    },
    "present_ms": {
      "count": 133,
      "min": 1.090771,
      "mean": 1.177979142857143,
      "median": 1.135953,
      "p95": 1.283697,
      "p99": 1.660493,
      "max": 2.829878
    },
    "pacing_ms": {
      "count": 133,
      "min": 0.042369,
      "mean": 0.0666626015037594,
      "median": 0.066766,
      "p95": 0.069472,
      "p99": 0.073199,
      "max": 0.085451
    },
    "population": {
      "count": 133,
      "min": 150.0,
      "mean": 232.406015037594,
      "median": 247.0,
      "p95": 253.0,
      "p99": 253.0,
      "max": 253.0
    },
    "over_budget_frames": 115
  },
  "steady_state_after_10s": {
    "frames": 4203,
    "fps": {
      "mean": 59.517177098501065,
      "median": 62.121289,
      "min": 6.524333,
      "one_percent_low": 8.554884948105173
    },
    "frame_ms": {
      "count": 4203,
      "min": 12.965323,
      "mean": 18.868766453009755,
      "median": 16.097541,
      "p95": 24.905533,
      "p99": 109.681009,
      "max": 153.272377
    },
    "event_ms": {
      "count": 4203,
      "min": 0.00991,
      "mean": 0.020888445158220317,
      "median": 0.020144,
      "p95": 0.027925,
      "p99": 0.062742,
      "max": 0.118921
    },
    "sim_ms": {
      "count": 4203,
      "min": 0.0,
      "mean": 5.23569452200809,
      "median": 2.511631,
      "p95": 12.197296,
      "p99": 89.24094,
      "max": 125.266571
    },
    "render_ms": {
      "count": 4203,
      "min": 5.101764,
      "mean": 7.306552286937902,
      "median": 6.215999,
      "p95": 12.378653,
      "p99": 19.215583,
      "max": 28.323529
    },
    "present_ms": {
      "count": 4203,
      "min": 1.087041,
      "mean": 1.2050991841541756,
      "median": 1.159389,
      "p95": 1.409412,
      "p99": 1.574113,
      "max": 2.291465
    },
    "pacing_ms": {
      "count": 4203,
      "min": 0.023232,
      "mean": 5.075451320961218,
      "median": 6.120009,
      "p95": 8.180125,
      "p99": 9.182956,
      "max": 11.204644
    },
    "population": {
      "count": 4203,
      "min": 52.0,
      "mean": 74.55983821080181,
      "median": 65.0,
      "p95": 132.0,
      "p99": 253.0,
      "max": 254.0
    },
    "over_budget_frames": 128
  },
  "frame_cap": {
    "target_fps": 60,
    "mean_fps_error": -1.778374211254608,
    "median_fps_error": 2.0255454999999998,