{
  "name": "boids_stress_live_60s_pre",
  "display": {
    "path": "live_display",
    "visible_display": true,
    "driver": "x11",
    "desktop_resolution": [
      1920,
      1080
    ]
  },
  "mode": "boids",
  "seed": 130363,
  "duration_seconds_requested": 60.0,
  "duration_seconds_actual": 60.004127676998905,
  "render_backend": "pygame",
  "gpu_info": {},
  "target_fps": 60,
  "simulation_tick_hz": 60.0,
  "debug_overlay": false,
  "show_hud": false,
  "fullscreen": true,
  "mode_overrides": {
    "initial_population": 220,
    "max_population": 320
  },
  "rendering_overrides": {},
  "timing_summary": {
    "elapsed_wall_seconds": 60.004127676998905,
    "frames_rendered": 2065,
    "effective_fps_overall": 34.414299148149546,
    "sim_steps_total": 3159,
    "sim_steps_per_render_frame": {
      "count": 2065,
      "min": 0.0,
      "mean": 1.5297820823244552,
      "median": 1.0,
      "p95": 5.0,
      "p99": 5.0,
      "max": 5.0
    },
    "timing_ms": {
      "event": {
        "count": 2065,
        "min": 0.009798997780308127,
        "mean": 0.018911098296213985,
        "median": 0.020126000890741125,
        "p95": 0.026198998966719955,
        "p99": 0.031029001547722146,
        "max": 0.08931400225264952
      },
      "sim": {
        "count": 2065,
        "min": 0.0,
        "mean": 14.100584718650325,
        "median": 2.780320999590913,
        "p95": 89.13092800139566,
        "p99": 122.26525699952617,
        "max": 161.25213100167457
      },
      "render": {
        "count": 2065,
        "min": 6.126683998445515,
        "mean": 9.977620556870516,
        "median": 7.194073001301149,
        "p95": 25.36844900168944,
        "p99": 27.49578300063149,
        "max": 52.94292500184383
      },
      "present": {
        "count": 2065,
        "min": 1.0612139994918834,
        "mean": 1.1590976236923232,
        "median": 1.1206290000700392,
        "p95": 1.325317000009818,
        "p99": 1.6572899985476397,
        "max": 2.33582600048976
      },
      "pacing": {
        "count": 2065,
        "min": 0.01905599856399931,
        "mean": 3.4971279012291303,
        "median": 5.0774650007952005,
        "p95": 6.225509001524188,
        "p99": 8.118657999148127,
        "max": 9.2331820014806
      },
      "frame": {
        "count": 2065,
        "min": 13.033932998951059,
        "mean": 28.777192135035417,
        "median": 16.363857001124416,
        "p95": 116.24374099847046,
        "p99": 149.95049299977836,
        "max": 200.09209900308633
      }
    },
    "effective_fps": {
      "count": 2065,
      "min": 4.99769858471311,
      "mean": 52.16982622090295,
      "median": 61.11028713654041,
      "p95": 64.99532911535074,
      "p99": 66.03442664647585,
      "max": 76.72281268290068
    },
    "clamp_drop": {
      "frame_count": 176,
      "dropped_ms_total": 7318.559575330942,
      "final_accumulator_ms": 16.4248256677335
    },
    "runtime_loop": {
      "fixed_timestep_ms": 16.666666666666668,
      "max_sim_steps_per_outer_frame": 5,
      "max_accumulated_ms": 83.33333333333333,
      "drop_excess_accumulator": true
    }
  },
  "overall": {
    "frames": 2065,
    "fps": {
      "mean": 52.16982621888619,
      "median": 61.110287,
      "min": 4.997699,
      "one_percent_low": 6.049315402030856
    },
    "frame_ms": {
      "count": 2065,
      "min": 13.033933,
      "mean": 28.777192135108958,
      "median": 16.363857,
      "p95": 116.243741,
      "p99": 149.950493,
      "max": 200.092099
    },
    "event_ms": {
      "count": 2065,
      "min": 0.009799,
      "mean": 0.018911098305084743,
      "median": 0.020126,
      "p95": 0.026199,
      "p99": 0.031029,
      "max": 0.089314
    },
    "sim_ms": {
      "count": 2065,
      "min": 0.0,
      "mean": 14.100584718644068,
      "median": 2.780321,
      "p95": 89.130928,
      "p99": 122.265257,
      "max": 161.252131
    },
    "render_ms": {
      "count": 2065,
      "min": 6.126684,
      "mean": 9.977620556900726,
      "median": 7.194073,
      "p95": 25.368449,
      "p99": 27.495783,
      "max": 52.942925
    },
    "present_ms": {
      "count": 2065,
      "min": 1.061214,
      "mean": 1.1590976237288135,
      "median": 1.120629,
      "p95": 1.325317,
      "p99": 1.65729,
      "max": 2.335826
    },
    "pacing_ms": {
      "count": 2065,
      "min": 0.019056,
      "mean": 3.4971279012106535,
      "median": 5.077465,
      "p95": 6.225509,
      "p99": 8.118658,
      "max": 9.233182
    },
    "population": {
      "count": 2065,
      "min": 67.0,
      "mean": 108.88377723970945,
      "median": 72.0,
      "p95": 307.0,
      "p99": 325.0,
      "max": 326.0
    },
    "over_budget_frames": 349
  },
  "startup_0_10s": {
    "frames": 85,
    "fps": {
      "mean": 9.685858082352942,
      "median": 8.252654,
      "min": 6.589331,
      "one_percent_low": 6.58933089673934
    },
    "frame_ms": {
      "count": 85,
      "min": 36.947753,
      "mean": 115.17238997647058,
      "median": 121.173144,
      "p95": 145.368413,
      "p99": 150.372373,
      "max": 151.760477
    },
    "event_ms": {
      "count": 85,
      "min": 0.010603,
      "mean": 0.01356024705882353,
      "median": 0.01219,
      "p95": 0.017626,
      "p99": 0.027258,
      "max": 0.049743
    },
    "sim_ms": {
      "count": 85,
      "min": 0.0,
      "mean": 87.61662047058823,
      "median": 93.090157,
      "p95": 117.830378,
      "p99": 122.316449,
      "max": 124.194804
    },
    "render_ms": {
      "count": 85,
      "min": 14.919653,
      "mean": 26.175865882352944,
      "median": 26.291498,
      "p95": 28.156024,
      "p99": 31.101916,
      "max": 52.942925
    },
    "present_ms": {
      "count": 85,
      "min": 1.096883,
      "mean": 1.2748332,
      "median": 1.200779,
      "p95": 1.711615,
      "p99": 1.800455,
      "max": 2.090889
    },
    "pacing_ms": {
      "count": 85,
      "min": 0.027203,
      "mean": 0.06781952941176471,
      "median": 0.067843,
      "p95": 0.072008,
      "p99": 0.079373,
      "max": 0.080676
    },
    "population": {
      "count": 85,
      "min": 220.0,
      "mean": 308.7647058823529,
      "median": 322.0,
      "p95": 325.0,
      "p99": 325.0,
      "max": 325.0
    },
    "over_budget_frames": 85
  },
  "steady_state_after_10s": {
    "frames": 1980,
    "fps": {
      "mean": 53.99363293181818,
      "median": 61.257013,
      "min": 4.997699,
      "one_percent_low": 6.023334853826999
    },
    "frame_ms": {
      "count": 1980,
      "min": 13.033933,
      "mean": 25.068307379292932,
      "median": 16.324661499999998,
      "p95": 77.972231,
      "p99": 148.48953,
      "max": 200.092099
    },
    "event_ms": {
      "count": 1980,
      "min": 0.009799,
      "mean": 0.019140806565656567,
      "median": 0.0202655,
      "p95": 0.026235,
      "p99": 0.031029,
      "max": 0.089314
    },
    "sim_ms": {
      "count": 1980,
      "min": 0.0,
      "mean": 10.944593284848485,
      "median": 2.748446,
      "p95": 58.351068,
      "p99": 120.540517,
      "max": 161.252131
    },
    "render_ms": {
      "count": 1980,
      "min": 6.126684,
      "mean": 9.28224133838384,
      "median": 7.1633825,
      "p95": 18.896767,
      "p99": 25.955675,
      "max": 37.065033
    },
    "present_ms": {
      "count": 1980,
      "min": 1.061214,
      "mean": 1.1541291772727273,
      "median": 1.1198165,
      "p95": 1.311131,
      "p99": 1.459815,
      "max": 2.335826
    },
    "pacing_ms": {
      "count": 1980,
      "min": 0.019056,
      "mean": 3.644345684848485,
      "median": 5.0900055,
      "p95": 6.22633,
      "p99": 8.126838,
      "max": 9.233182
    },
    "population": {
      "count": 1980,
      "min": 67.0,
      "mean": 100.3030303030303,
      "median": 72.0,
      "p95": 213.0,
      "p99": 323.0,
      "max": 326.0
    },
    "over_budget_frames": 264
  },
  "frame_cap": {
    "target_fps": 60,