{
  "elapsed_wall_seconds": 60.020218084999215,
  "frames_rendered": 1234,
  "effective_fps_overall": 20.55973869092642,
  "sim_steps_total": 1795,
  "sim_steps_per_render_frame": {
    "count": 1234,
    "min": 0.0,
    "mean": 1.4546191247974067,
    "median": 1.0,
    "p95": 4.0,
    "p99": 5.0,
    "max": 5.0
  },
  "timing_ms": {
    "event": {
      "count": 1234,
      "min": 0.011221000022487715,
      "mean": 0.02132683624731844,
      "median": 0.020483999833231792,
      "p95": 0.03326599835418165,
      "p99": 0.06363099964801222,
      "max": 0.09586399755789898
    },
    "sim": {
      "count": 1234,
      "min": 0.0,
      "mean": 25.042456885767525,
      "median": 14.254071500545251,
      "p95": 96.77286200167146,
      "p99": 124.18522900043172,
      "max": 132.8296159990714
    },
    "render": {
      "count": 1234,
      "min": 11.087517999840202,
      "mean": 18.96966205022712,
      "median": 16.973809999399236,
      "p95": 28.258238999114837,
      "p99": 29.14384000177961,
      "max": 61.40290699840989
    },
    "present": {
      "count": 1234,
      "min": 1.111481000407366,
      "mean": 1.207998583431706,
      "median": 1.1802069984696573,
      "p95": 1.328786001977278,
      "p99": 1.5261160006048158,
      "max": 1.8707490016822703
    },
    "pacing": {
      "count": 1234,
      "min": 0.03170600029989146,
      "mean": 3.3008489287156237,
      "median": 1.0891880010603927,
      "p95": 11.220409000088694,
      "p99": 13.13469399974565,
      "max": 21.131830999365775
    },
    "frame": {
      "count": 1234,
      "min": 13.00098400315619,
      "mean": 23.513370620714642,
      "median": 23.276322501260438,
      "p95": 29.57486399827758,
      "p99": 32.098029001645045,
      "max": 63.19144200097071
    }
  },
  "effective_fps": {
    "count": 1234,
    "min": 15.824927685376108,
    "mean": 43.76530656362826,
    "median": 42.96211385011088,
    "p95": 53.84176615376732,
    "p99": 59.922511807568746,
    "max": 76.91725485988096
  },
  "clamp_drop": {
    "frame_count": 14,
    "dropped_ms_total": 134.61733266910124,
    "final_accumulator_ms": 19.14212699994175
  },
  "runtime_loop": {
    "fixed_timestep_ms": 33.333333333333336,
    "max_sim_steps_per_outer_frame": 5,
    "max_accumulated_ms": 166.66666666666666,
    "drop_excess_accumulator": true
  }
}