{
  "elapsed_wall_seconds": 60.053384617996926,
  "frames_rendered": 348,
  "effective_fps_overall": 5.794844074378958,
  "sim_steps_total": 1689,
  "sim_steps_per_render_frame": {
    "count": 348,
    "min": 0.0,
    "mean": 4.853448275862069,
    "median": 5.0,
    "p95": 5.0,
    "p99": 5.0,
    "max": 5.0
  },
  "timing_ms": {
    "event": {
      "count": 348,
      "min": 0.011166001058882102,
      "mean": 0.014031936628051536,
      "median": 0.013177501386962831,
      "p95": 0.017141999705927446,
      "p99": 0.030579001759178936,
      "max": 0.05467600203701295
    },
    "sim": {
      "count": 348,
      "min": 0.0,
      "mean": 142.55318398279516,
      "median": 147.76476850056497,
      "p95": 229.64740499810432,
      "p99": 241.59378399781417,
      "max": 259.8408960002416
    },
    "render": {
      "count": 348,
      "min": 15.37458299935679,
      "mean": 28.238994405387793,
      "median": 32.51713550162094,
      "p95": 37.06170499935979,
      "p99": 38.29849600151647,
      "max": 60.62707700039027
    },
    "present": {
      "count": 348,
      "min": 1.1418840003898367,
      "mean": 1.6254911235759126,
      "median": 1.7038820005836897,
      "p95": 2.10111599881202,
      "p99": 2.1903460001340136,
      "max": 2.3310500000661705
    },
    "pacing": {
      "count": 348,
      "min": 0.03198799822712317,
      "mean": 0.07496186203073078,
      "median": 0.07427049968100619,
      "p95": 0.08151699876179919,
      "p99": 0.08719100151211023,
      "max": 0.3000590004376136
    },
    "frame": {
      "count": 348,
      "min": 16.621262999251485,
      "mean": 29.947503091994573,
      "median": 34.625030999450246,
      "p95": 38.953668998146895,
      "p99": 40.41876100018271,
      "max": 61.9717519984988
    }
  },
  "effective_fps": {
    "count": 348,
    "min": 16.13638420330966,
    "mean": 36.700958003527205,
    "median": 28.88089183365278,
    "p95": 58.130686849938066,
    "p99": 59.643053034423566,
    "max": 60.16389970154697
  },
  "clamp_drop": {
    "frame_count": 305,
    "dropped_ms_total": 31836.97872700233,
    "final_accumulator_ms": 2.2685249983624285
  },
  "runtime_loop": {
    "fixed_timestep_ms": 16.666666666666668,
    "max_sim_steps_per_outer_frame": 5,
    "max_accumulated_ms": 83.33333333333333,
    "drop_excess_accumulator": true
  }
}