{
  "name": "boids_stress_live_60s_post",
  "display": {
    "path": "live_display",
    "visible_display": true,
    "driver": "x11",
    "desktop_resolution": [
      1920,
      1080
    ]
  },
  "mode": "boids",
  "seed": 130363,
  "duration_seconds_requested": 60.0,
  "duration_seconds_actual": 60.02742502100227,
  "render_backend": "pygame",
  "gpu_info": {},
  "target_fps": 30,
  "simulation_tick_hz": 30.0,
  "debug_overlay": false,
  "show_hud": false,
  "fullscreen": true,
  "mode_overrides": {
    "initial_population": 220,
    "max_population": 320
  },
  "rendering_overrides": {},
  "timing_summary": {
    "elapsed_wall_seconds": 60.02742502100227,
    "frames_rendered": 1755,
    "effective_fps_overall": 29.236636410540086,
    "sim_steps_total": 1799,
    "sim_steps_per_render_frame": {
      "count": 1755,
      "min": 0.0,
      "mean": 1.025071225071225,
      "median": 1.0,
      "p95": 1.0,
      "p99": 2.0,
      "max": 5.0
    },
    "timing_ms": {
      "event": {
        "count": 1755,
        "min": 0.010281000868417323,
        "mean": 0.024148562371344745,
        "median": 0.024586999643361196,
        "p95": 0.037152000004425645,
        "p99": 0.06838499757577665,
        "max": 0.1109670010919217
      },
      "sim": {
        "count": 1755,
        "min": 0.0,
        "mean": 9.322640013623902,
        "median": 8.51991599847679,
        "p95": 19.222756000090158,
        "p99": 28.069765001419,
        "max": 64.86352200226975
      },
      "render": {
        "count": 1755,
        "min": 6.730537999828812,
        "mean": 14.231790342432696,
        "median": 13.389196999924025,
        "p95": 20.307361999584828,
        "p99": 21.41434300210676,
        "max": 48.1381319987122
      },
      "present": {
        "count": 1755,
        "min": 1.0760570003185421,
        "mean": 1.1697543687030423,
        "median": 1.1297179989924189,
        "p95": 1.3585509987024125,
        "p99": 1.4592400002584327,
        "max": 2.0552540008793585
      },
      "pacing": {
        "count": 1755,
        "min": 0.02404100087005645,
        "mean": 9.055390727542576,
        "median": 10.075447997223819,
        "p95": 19.185605000529904,
        "p99": 21.12712500093039,
        "max": 25.303710001026047
      },
      "frame": {
        "count": 1755,
        "min": 15.613677001965698,
        "mean": 33.86068302106158,
        "median": 33.17848100050469,
        "p95": 39.36454600261641,
        "p99": 48.60438299874659,
        "max": 87.0804420010245
      }
    },
    "effective_fps": {
      "count": 1755,
      "min": 11.48363486703748,
      "mean": 29.70178068897681,
      "median": 30.14001756092416,
      "p95": 30.893868995264278,
      "p99": 31.215747546061355,
      "max": 64.04641263387889
    },
    "clamp_drop": {
      "frame_count": 1,
      "dropped_ms_total": 1.5647066664923603,
      "final_accumulator_ms": 20.71948966719807
    },
    "runtime_loop": {
      "fixed_timestep_ms": 33.333333333333336,
      "max_sim_steps_per_outer_frame": 5,
      "max_accumulated_ms": 166.66666666666666,
      "drop_excess_accumulator": true
    }
  },
  "overall": {
    "frames": 1755,
    "fps": {
      "mean": 29.70178069059829,
      "median": 30.140018,
      "min": 11.483635,
      "one_percent_low": 19.223187640356972
    },
    "frame_ms": {
      "count": 1755,
      "min": 15.613677,
      "mean": 33.86068302108262,
      "median": 33.178481,
      "p95": 39.364546,
      "p99": 48.604383,
      "max": 87.080442
    },
    "event_ms": {
      "count": 1755,
      "min": 0.010281,
      "mean": 0.024148562393162393,
      "median": 0.024587,
      "p95": 0.037152,
      "p99": 0.068385,
      "max": 0.110967
    },
    "sim_ms": {
      "count": 1755,
      "min": 0.0,
      "mean": 9.322640013675214,
      "median": 8.519916,
      "p95": 19.222756,
      "p99": 28.069765,
      "max": 64.863522
    },
    "render_ms": {
      "count": 1755,
      "min": 6.730538,
      "mean": 14.231790342450143,
      "median": 13.389197,
      "p95": 20.307362,
      "p99": 21.414343,
      "max": 48.138132
    },
    "present_ms": {
      "count": 1755,
      "min": 1.076057,
      "mean": 1.1697543686609686,
      "median": 1.129718,
      "p95": 1.358551,
      "p99": 1.45924,
      "max": 2.055254
    },
    "pacing_ms": {
      "count": 1755,
      "min": 0.024041,
      "mean": 9.055390727635327,
      "median": 10.075448,
      "p95": 19.185605,
      "p99": 21.127125,
      "max": 25.30371
    },
    "population": {
      "count": 1755,
      "min": 75.0,
      "mean": 213.95213675213674,
      "median": 200.0,
      "p95": 329.0,
      "p99": 330.0,
      "max": 331.0
    },
    "over_budget_frames": 699
  },
  "startup_0_10s": {
    "frames": 291,
    "fps": {
      "mean": 29.645243591065295,
      "median": 30.176943,
      "min": 19.41158,
      "one_percent_low": 19.79403475488087
    },
    "frame_ms": {
      "count": 291,
      "min": 31.4631,
      "mean": 33.90425641237113,
      "median": 33.137883,
      "p95": 40.025662,
      "p99": 47.62001,
      "max": 51.515641
    },
    "event_ms": {
      "count": 291,
      "min": 0.010635,
      "mean": 0.022919807560137458,
      "median": 0.025925,
      "p95": 0.031354,
      "p99": 0.043026,
      "max": 0.07138
    },
    "sim_ms": {
      "count": 291,
      "min": 0.0,
      "mean": 10.964644381443298,
      "median": 10.787046,
      "p95": 17.716479,
      "p99": 20.914949,
      "max": 30.227316
    },
    "render_ms": {
      "count": 291,
      "min": 10.034637,
      "mean": 19.741928845360825,
      "median": 19.754606,
      "p95": 21.329088,
      "p99": 27.439375,
      "max": 48.138132
    },
    "present_ms": {
      "count": 291,
      "min": 1.076057,
      "mean": 1.150727381443299,
      "median": 1.121255,
      "p95": 1.314434,
      "p99": 1.367806,
      "max": 1.484293
    },
    "pacing_ms": {
      "count": 291,
      "min": 0.030547,
      "mean": 1.9533843161512028,
      "median": 1.201387,
      "p95": 10.208702,
      "p99": 14.209504,
      "max": 16.229667
    },
    "population": {
      "count": 291,
      "min": 220.0,
      "mean": 313.6701030927835,
      "median": 325.0,
      "p95": 326.0,
      "p99": 326.0,
      "max": 326.0
    },
    "over_budget_frames": 114
  },
  "steady_state_after_10s": {
    "frames": 1464,
    "fps": {
      "mean": 29.713018597677596,
      "median": 30.132080000000002,
      "min": 11.483635,
      "one_percent_low": 19.060703455519832
    },
    "frame_ms": {
      "count": 1464,
      "min": 15.613677,
      "mean": 33.852021916666665,
      "median": 33.18722150000001,
      "p95": 37.774146,
      "p99": 48.604383,
      "max": 87.080442
    },
    "event_ms": {
      "count": 1464,
      "min": 0.010281,
      "mean": 0.024392802595628416,
      "median": 0.024419999999999997,
      "p95": 0.037899,
      "p99": 0.068719,
      "max": 0.110967
    },
    "sim_ms": {
      "count": 1464,
      "min": 0.0,
      "mean": 8.99625799795082,
      "median": 7.659388,
      "p95": 19.706981,
      "p99": 28.102512,
      "max": 64.863522
    },
    "render_ms": {
      "count": 1464,
      "min": 6.730538,
      "mean": 13.136537402322405,
      "median": 11.961184,
      "p95": 19.137875,
      "p99": 19.930063,
      "max": 23.69839
    },
    "present_ms": {
      "count": 1464,
      "min": 1.08184,
      "mean": 1.1735363722677596,
      "median": 1.1316869999999999,
      "p95": 1.369261,
      "p99": 1.462075,
      "max": 2.055254
    },
    "pacing_ms": {
      "count": 1464,
      "min": 0.024041,
      "mean": 10.467060034836065,
      "median": 12.191066,
      "p95": 19.20913,
      "p99": 21.232272,
      "max": 25.30371
    },
    "population": {
      "count": 1464,
      "min": 75.0,
      "mean": 194.13114754098362,
      "median": 180.0,
      "p95": 330.0,
      "p99": 330.0,
      "max": 331.0
    },
    "over_budget_frames": 585
  },