{
  "name": "boids_default_live_90s_post",
  "display": {
    "path": "live_display",
    "visible_display": true,
    "driver": "x11",
    "desktop_resolution": [
      1920,
      1080
    ]
  },
  "mode": "boids",
  "seed": 130363,
  "duration_seconds_requested": 90.0,
  "duration_seconds_actual": 90.00280410999767,
  "render_backend": "pygame",
  "gpu_info": {},
  "target_fps": 30,
  "simulation_tick_hz": 30.0,
  "debug_overlay": false,
  "show_hud": false,
  "fullscreen": true,
  "mode_overrides": {},
  "rendering_overrides": {},
  "timing_summary": {
    "elapsed_wall_seconds": 90.00280410999767,
    "frames_rendered": 2692,
    "effective_fps_overall": 29.910179206305063,
    "sim_steps_total": 2699,
    "sim_steps_per_render_frame": {
      "count": 2692,
      "min": 0.0,
      "mean": 1.0026002971768202,
      "median": 1.0,
      "p95": 1.0,
      "p99": 1.0,
      "max": 4.0
    },
    "timing_ms": {
      "event": {
        "count": 2692,
        "min": 0.010636002116370946,
        "mean": 0.02826170688176325,
        "median": 0.025520501367282122,
        "p95": 0.04620299660018645,
        "p99": 0.06635300087509677,
        "max": 0.14653600010205992
      },
      "sim": {
        "count": 2692,
        "min": 0.0,
        "mean": 6.166572508527071,
        "median": 5.530074498892645,
        "p95": 12.848714999563526,
        "p99": 19.21718399898964,
        "max": 31.792084002518095
      },
      "render": {
        "count": 2692,
        "min": 4.974875999323558,
        "mean": 11.733724864405204,
        "median": 10.538672999246046,
        "p95": 16.869531998963794,
        "p99": 19.418359999690438,
        "max": 36.23635199983255
      },
      "present": {
        "count": 2692,
        "min": 1.089977999072289,
        "mean": 1.3036436230065813,
        "median": 1.1926110000786139,
        "p95": 1.8170570001529995,
        "p99": 1.986522001971025,
        "max": 3.2077689975267276
      },
      "pacing": {
        "count": 2692,
        "min": 0.027304999093757942,
        "mean": 13.87958749375717,
        "median": 16.174336999029038,
        "p95": 23.12900199831347,
        "p99": 25.085739998758072,
        "max": 25.269130997912725
      },
      "frame": {
        "count": 2692,
        "min": 12.460221001674654,
        "mean": 33.16571937028381,
        "median": 33.058015500500915,
        "p95": 33.94364800260519,
        "p99": 38.31946100035566,
        "max": 49.90454699873226
      }
    },
    "effective_fps": {
      "count": 2692,
      "min": 20.038254230128636,
      "mean": 30.19211484977823,
      "median": 30.249849696598446,
      "p95": 30.968374566894525,
      "p99": 31.50599407975513,
      "max": 80.25539834852046
    },
    "clamp_drop": {
      "frame_count": 0,
      "dropped_ms_total": 0.0,
      "final_accumulator_ms": 0.8999073329839652
    },
    "runtime_loop": {
      "fixed_timestep_ms": 33.333333333333336,
      "max_sim_steps_per_outer_frame": 5,
      "max_accumulated_ms": 166.66666666666666,
      "drop_excess_accumulator": true
    }
  },
  "overall": {
    "frames": 2692,
    "fps": {
      "mean": 30.19211484732541,
      "median": 30.2498495,
      "min": 20.038254,
      "one_percent_low": 24.191119580682596
    },
    "frame_ms": {
      "count": 2692,
      "min": 12.460221,
      "mean": 33.16571937035661,
      "median": 33.058015499999996,
      "p95": 33.943648,
      "p99": 38.319461,
      "max": 49.904547
    },
    "event_ms": {
      "count": 2692,
      "min": 0.010636,
      "mean": 0.028261706909361074,
      "median": 0.0255205,
      "p95": 0.046203,
      "p99": 0.066353,
      "max": 0.146536
    },
    "sim_ms": {
      "count": 2692,
      "min": 0.0,
      "mean": 6.166572508543834,
      "median": 5.5300745,
      "p95": 12.848715,
      "p99": 19.217184,
      "max": 31.792084
    },
    "render_ms": {
      "count": 2692,
      "min": 4.974876,
      "mean": 11.733724864413075,
      "median": 10.538673,
      "p95": 16.869532,
      "p99": 19.41836,
      "max": 36.236352
    },
    "present_ms": {
      "count": 2692,
      "min": 1.089978,
      "mean": 1.3036436229569093,
      "median": 1.1926109999999999,
      "p95": 1.817057,
      "p99": 1.986522,
      "max": 3.207769
    },
    "pacing_ms": {
      "count": 2692,
      "min": 0.027305,
      "mean": 13.879587493684992,
      "median": 16.174337,
      "p95": 23.129002,
      "p99": 25.08574,
      "max": 25.269131
    },
    "population": {
      "count": 2692,
      "min": 60.0,
      "mean": 151.98848439821694,
      "median": 138.0,
      "p95": 266.0,
      "p99": 266.0,
      "max": 266.0
    },
    "over_budget_frames": 782
  },
  "startup_0_10s": {
    "frames": 296,
    "fps": {
      "mean": 30.040443125000003,
      "median": 30.211222,
      "min": 21.935678,
      "one_percent_low": 23.03765937380762
    },
    "frame_ms": {
      "count": 296,
      "min": 31.613283,
      "mean": 33.337311611486484,
      "median": 33.100283000000005,
      "p95": 34.480591,
      "p99": 40.633286,
      "max": 45.587831
    },
    "event_ms": {
      "count": 296,
      "min": 0.010881,
      "mean": 0.02139066554054054,
      "median": 0.018938,
      "p95": 0.029538,
      "p99": 0.062226,
      "max": 0.069769
    },
    "sim_ms": {
      "count": 296,
      "min": 0.0,
      "mean": 7.381013435810812,
      "median": 6.955944000000001,
      "p95": 14.108728,
      "p99": 17.442037,
      "max": 24.925757
    },
    "render_ms": {
      "count": 296,
      "min": 8.113576,
      "mean": 16.51198781756757,
      "median": 16.4762785,
      "p95": 18.772565,
      "p99": 25.047789,
      "max": 36.236352
    },
    "present_ms": {
      "count": 296,
      "min": 1.100944,
      "mean": 1.168672168918919,
      "median": 1.1433585,
      "p95": 1.302101,
      "p99": 1.407335,
      "max": 1.50319
    },
    "pacing_ms": {
      "count": 296,
      "min": 0.027305,
      "mean": 8.193855287162163,
      "median": 8.194230000000001,
      "p95": 14.290998,
      "p99": 19.213961,
      "max": 21.080286
    },
    "population": {
      "count": 296,
      "min": 150.0,
      "mean": 238.31756756756758,
      "median": 248.0,
      "p95": 251.0,
      "p99": 251.0,
      "max": 251.0
    },
    "over_budget_frames": 90
  },
  "steady_state_after_10s": {
    "frames": 2396,
    "fps": {
      "mean": 30.210852255425714,
      "median": 30.2548015,
      "min": 20.038254,
      "one_percent_low": 24.41575976954351
    },
    "frame_ms": {
      "count": 2396,
      "min": 12.460221,
      "mean": 33.1445209966611,
      "median": 33.052605,
      "p95": 33.919447,
      "p99": 37.554247,
      "max": 49.904547
    },
    "event_ms": {
      "count": 2396,
      "min": 0.010636,
      "mean": 0.029110550083472457,
      "median": 0.0264485,
      "p95": 0.046432,
      "p99": 0.067048,
      "max": 0.146536
    },
    "sim_ms": {
      "count": 2396,
      "min": 0.0,
      "mean": 6.0165414090150255,
      "median": 5.115814,
      "p95": 12.614079,
      "p99": 19.358466,
      "max": 31.792084
    },
    "render_ms": {
      "count": 2396,
      "min": 4.974876,
      "mean": 11.143421928631053,
      "median": 10.2371005,
      "p95": 16.425747,
      "p99": 18.982234,
      "max": 25.648321
    },
    "present_ms": {
      "count": 2396,
      "min": 1.089978,
      "mean": 1.3203178927378965,
      "median": 1.210508,
      "p95": 1.822979,
      "p99": 2.001337,
      "max": 3.207769
    },
    "pacing_ms": {
      "count": 2396,
      "min": 0.042641,
      "mean": 14.581998484140234,
      "median": 17.1398345,
      "p95": 23.211953,
      "p99": 25.112658,
      "max": 25.269131
    },
    "population": {
      "count": 2396,
      "min": 60.0,
      "mean": 141.32345575959934,
      "median": 119.0,
      "p95": 266.0,
      "p99": 266.0,
      "max": 266.0
    },
    "over_budget_frames": 692
  },
  "frame_cap": {
    "target_fps": 30,