{
  "fps": 30.036965308834752,
  "frame_ms_mean": 33.212580887525746,
  "sim_ms_mean": 7.797792257769659,
  "render_ms_mean": 7.558772720381191,
  "present_ms_mean": 0.14938023779781273,
  "pacing_ms_mean": 17.445720805477517,
  "screenshots": [
    "docs/behavior/boids_motion_2026-05-21/regression_predator_prey/screenshots/t0010s.png"
  ]
}